cliente_id,cpf,nome,email,telefone,data_cadastro,ativo
1,13113220754,Bruno Gomes,bruno_gomes.1@example.com,+5590956713386,2021-09-14 00:00:00,True
2,74399176163,Rafaela Rocha,rafaela_rocha.2@example.com,+5583929345267,2024-02-12 00:00:00,False
3,91518894877,Bruno Santos,bruno_santos.3@example.com,+5553953590187,2022-05-21 00:00:00,True
4,02039949143,Sophia Silva,sophia_silva.4@example.com,+5568934661452,2025-06-14 00:00:00,True
5,67297432402,Carlos Rocha,carlos_rocha.5@example.com,+5528980198925,2024-02-14 00:00:00,True
6,69537362198,Marcos Almeida,marcos_almeida.6@example.com,+5518965995631,2023-08-19 00:00:00,True
7,71099586046,Lucas Rocha,lucas_rocha.7@example.com,+5552992150125,2020-06-09 00:00:00,True
8,01533606925,Pedro Rocha,pedro_rocha.8@example.com,+5562947831264,2024-02-05 00:00:00,True
9,20139906176,Larissa Souza,larissa_souza.9@example.com,+5553932949465,2024-01-16 00:00:00,True
10,88428604520,Mariana Gomes,mariana_gomes.10@example.com,+5557961731741,2022-04-13 00:00:00,True
11,89464604342,Mariana Santos,mariana_santos.11@example.com,+5551943116300,2023-02-08 00:00:00,True
12,26760370106,Camila Rocha,camila_rocha.12@example.com,+5563975051273,2021-03-16 00:00:00,True
13,90241671558,Bruno Fernandes,bruno_fernandes.13@example.com,+5572921416711,2021-05-01 00:00:00,True
14,51841240163,Carlos Silva,carlos_silva.14@example.com,+5576934762561,2021-09-07 00:00:00,True
15,85568263986,Pedro Costa,pedro_costa.15@example.com,+5512951846435,2024-05-02 00:00:00,True
16,68121918204,João Rocha,joão_rocha.16@example.com,+5577965810241,2023-01-28 00:00:00,True
17,93556244877,Bruno Costa,bruno_costa.17@example.com,+5578925580414,2022-08-26 00:00:00,True
18,28541307107,Camila Souza,camila_souza.18@example.com,+5533950271754,2024-06-22 00:00:00,True
19,10448703758,Ana Pereira,ana_pereira.19@example.com,+5515985331192,2025-02-01 00:00:00,True
20,22093276023,Lucas Costa,lucas_costa.20@example.com,+5541947898888,2024-04-23 00:00:00,True
21,96614509332,Lucas Silva,lucas_silva.21@example.com,+5559961565973,2021-03-24 00:00:00,True
22,04285466569,João Fernandes,joão_fernandes.22@example.com,+5543933717595,2023-07-22 00:00:00,True
23,25290969679,Mariana Silva,mariana_silva.23@example.com,+5546995306364,2021-08-05 00:00:00,True
24,13798005157,Lucas Souza,lucas_souza.24@example.com,+5528934968145,2024-10-22 00:00:00,True
25,30717529818,Pedro Souza,pedro_souza.25@example.com,+5540912142988,2023-10-21 00:00:00,True
26,85287403053,Carlos Pereira,carlos_pereira.26@example.com,+5594939411968,2021-11-08 00:00:00,True
27,34952567411,Pedro Oliveira,pedro_oliveira.27@example.com,+5542950344951,2022-11-02 00:00:00,True
28,50546153921,Lucas Gomes,lucas_gomes.28@example.com,+5566923025574,2021-01-17 00:00:00,True
29,73354421425,Mariana Rocha,mariana_rocha.29@example.com,+5592910472305,2025-05-11 00:00:00,True
30,16265877512,Camila Costa,camila_costa.30@example.com,+5581995671779,2021-05-25 00:00:00,True
31,07862456019,Sophia Rocha,sophia_rocha.31@example.com,+5521951428072,2023-09-21 00:00:00,True
32,21947482674,Pedro Almeida,pedro_almeida.32@example.com,+5579912889259,2021-02-04 00:00:00,False
33,37341293306,Camila Pereira,camila_pereira.33@example.com,+5529947513146,2020-06-13 00:00:00,True
34,60127335764,Mariana Rocha,mariana_rocha.34@example.com,+5514973208801,2022-05-18 00:00:00,True
35,07891591661,Juliana Oliveira,juliana_oliveira.35@example.com,+5570924190488,2020-06-02 00:00:00,True
36,08104735088,Camila Fernandes,camila_fernandes.36@example.com,+5577964979025,2022-05-19 00:00:00,True
37,29408701518,Mariana Pereira,mariana_pereira.37@example.com,+5542990301878,2023-08-18 00:00:00,True
38,80536930971,Ana Souza,ana_souza.38@example.com,+5598923312690,2024-05-20 00:00:00,True
39,05791081865,Mariana Santos,mariana_santos.39@example.com,+5565914967549,2025-04-30 00:00:00,True
40,09555038246,Lucas Rocha,lucas_rocha.40@example.com,+5555990943259,2023-07-01 00:00:00,True
41,77358873278,Rúbia Oliveira,rúbia_oliveira.41@example.com,+5548975329535,2022-12-15 00:00:00,True
42,87668918621,Juliana Souza,juliana_souza.42@example.com,+5554940802355,2024-08-24 00:00:00,True
43,07777554873,Camila Souza,camila_souza.43@example.com,+5523937069626,2021-05-02 00:00:00,True
44,73890887975,Sophia Souza,sophia_souza.44@example.com,+5512968954222,2023-07-05 00:00:00,True
45,31207546164,Bruno Almeida,bruno_almeida.45@example.com,+5532990505496,2023-07-28 00:00:00,True
46,65770975108,Lucas Santos,lucas_santos.46@example.com,+5580926039393,2020-09-30 00:00:00,True
47,79198481791,Sophia Gomes,sophia_gomes.47@example.com,+5561932145447,2022-07-11 00:00:00,False
48,61301001830,Mariana Fernandes,mariana_fernandes.48@example.com,+5568928243623,2021-03-24 00:00:00,True
49,66765900127,Carlos Oliveira,carlos_oliveira.49@example.com,+5597969514346,2021-04-19 00:00:00,True
50,40026400459,Camila Silva,camila_silva.50@example.com,+5537919687112,2022-03-26 00:00:00,True
51,74803269458,Sophia Costa,sophia_costa.51@example.com,+5551963643674,2025-01-03 00:00:00,True
52,30232492288,Pedro Pereira,pedro_pereira.52@example.com,+5522962835406,2024-10-28 00:00:00,True
53,38244236729,Mariana Fernandes,mariana_fernandes.53@example.com,+5587941941945,2021-05-31 00:00:00,True
54,93348370985,Marcos Fernandes,marcos_fernandes.54@example.com,+5554942512498,2022-01-06 00:00:00,True
55,46592019647,Carlos Pereira,carlos_pereira.55@example.com,+5525946580666,2025-02-16 00:00:00,True
56,41890674796,Bruno Costa,bruno_costa.56@example.com,+5554982741970,2023-08-13 00:00:00,True
57,14438059262,João Silva,joão_silva.57@example.com,+5537931605919,2025-04-19 00:00:00,True
58,41665380133,Camila Gomes,camila_gomes.58@example.com,+5537910885650,2023-11-09 00:00:00,True
59,10034982274,Rúbia Almeida,rúbia_almeida.59@example.com,+5532913799069,2023-09-29 00:00:00,True
60,77852255201,Sophia Almeida,sophia_almeida.60@example.com,+5529964158019,2022-10-01 00:00:00,True
61,60805019051,Mariana Rocha,mariana_rocha.61@example.com,+5522924303672,2024-08-26 00:00:00,True
62,38281015357,Larissa Costa,larissa_costa.62@example.com,+5566973807401,2022-01-11 00:00:00,True
63,04824107698,Larissa Fernandes,larissa_fernandes.63@example.com,+5581942956187,2021-08-04 00:00:00,True
64,62107605666,Larissa Fernandes,larissa_fernandes.64@example.com,+5551949585331,2022-10-19 00:00:00,True
65,68228458793,Camila Fernandes,camila_fernandes.65@example.com,+5581987463973,2024-09-07 00:00:00,True
66,59815593897,Rúbia Gomes,rúbia_gomes.66@example.com,+5564970808542,2021-08-31 00:00:00,True
67,22471692520,Marcos Gomes,marcos_gomes.67@example.com,+5544998312612,2020-06-28 00:00:00,True
68,88383828480,Rúbia Rocha,rúbia_rocha.68@example.com,+5532915722129,2021-03-25 00:00:00,True
69,01980214775,Camila Silva,camila_silva.69@example.com,+5567913077574,2023-08-01 00:00:00,True
70,42166894563,Bruno Silva,bruno_silva.70@example.com,+5594944735783,2020-05-25 00:00:00,True
71,88345909630,Rafaela Fernandes,rafaela_fernandes.71@example.com,+5565952792633,2022-12-30 00:00:00,True
72,75096152200,Larissa Rocha,larissa_rocha.72@example.com,+5514956604989,2020-03-15 00:00:00,True
73,22894843180,Juliana Oliveira,juliana_oliveira.73@example.com,+5514954922400,2021-09-26 00:00:00,True
74,02602802691,Pedro Gomes,pedro_gomes.74@example.com,+5554997395830,2023-09-01 00:00:00,True
75,16999590561,Ana Fernandes,ana_fernandes.75@example.com,+5581971573570,2025-04-30 00:00:00,True
76,23184398009,Sophia Oliveira,sophia_oliveira.76@example.com,+5521944072854,2025-04-12 00:00:00,True
77,86198372573,Mariana Souza,mariana_souza.77@example.com,+5571957879600,2022-09-13 00:00:00,True
78,45605018986,João Santos,joão_santos.78@example.com,+5521957307274,2023-11-18 00:00:00,True
79,95292322433,Juliana Costa,juliana_costa.79@example.com,+5579978506629,2025-02-05 00:00:00,True
80,87642558296,Juliana Almeida,juliana_almeida.80@example.com,+5570953331787,2023-09-14 00:00:00,True
81,02484030984,Carlos Rocha,carlos_rocha.81@example.com,+5523966597462,2023-07-11 00:00:00,True
82,22703859490,Ana Fernandes,ana_fernandes.82@example.com,+5558996311982,2023-12-15 00:00:00,True
83,64934714372,Pedro Santos,pedro_santos.83@example.com,+5571916337746,2022-01-22 00:00:00,True
84,23869645372,Carlos Santos,carlos_santos.84@example.com,+5564955355852,2022-11-03 00:00:00,True
85,13619460872,Marcos Pereira,marcos_pereira.85@example.com,+5556924486258,2020-07-28 00:00:00,True
86,24974281756,Rafaela Pereira,rafaela_pereira.86@example.com,+5553968267930,2020-12-30 00:00:00,True
87,79218665154,Juliana Rocha,juliana_rocha.87@example.com,+5525948827158,2021-02-04 00:00:00,True
88,81714155884,Carlos Almeida,carlos_almeida.88@example.com,+5569910499367,2022-06-25 00:00:00,True
89,45656639990,Ana Rocha,ana_rocha.89@example.com,+5578932109679,2021-07-24 00:00:00,True
90,82476573227,Mariana Santos,mariana_santos.90@example.com,+5560948023650,2024-08-28 00:00:00,True
91,66562577773,Mariana Gomes,mariana_gomes.91@example.com,+5538963412932,2020-03-29 00:00:00,True
92,29174468038,Mariana Rocha,mariana_rocha.92@example.com,+5581988859481,2023-10-16 00:00:00,True
93,59132017883,Bruno Rocha,bruno_rocha.93@example.com,+5544957986486,2022-09-17 00:00:00,True
94,52844394766,Juliana Pereira,juliana_pereira.94@example.com,+5581972153100,2024-12-08 00:00:00,True
95,66523437297,Mariana Souza,mariana_souza.95@example.com,+5589981881252,2023-03-31 00:00:00,True
96,17824371089,Marcos Oliveira,marcos_oliveira.96@example.com,+5579992760887,2022-06-24 00:00:00,True
97,82834219075,Rafaela Santos,rafaela_santos.97@example.com,+5527989094690,2020-03-21 00:00:00,True
98,13250899727,Mariana Oliveira,mariana_oliveira.98@example.com,+5547985627715,2021-10-14 00:00:00,True
99,37853928687,João Fernandes,joão_fernandes.99@example.com,+5545958756036,2021-09-01 00:00:00,True
100,77606111419,Larissa Almeida,larissa_almeida.100@example.com,+5543968888897,2022-09-27 00:00:00,True
101,80245879969,Rafaela Oliveira,rafaela_oliveira.101@example.com,+5599949885896,2022-07-03 00:00:00,True
102,56425892972,Marcos Gomes,marcos_gomes.102@example.com,+5528968683097,2024-10-19 00:00:00,True
103,75455895230,Bruno Souza,bruno_souza.103@example.com,+5552957377879,2020-08-02 00:00:00,True
104,49918144665,Marcos Souza,marcos_souza.104@example.com,+5550993302150,2022-10-07 00:00:00,True
105,38008417828,Sophia Gomes,sophia_gomes.105@example.com,+5544996764931,2020-04-02 00:00:00,True
106,28981040010,Larissa Pereira,larissa_pereira.106@example.com,+5546941304539,2024-04-02 00:00:00,True
107,87203825501,Mariana Rocha,mariana_rocha.107@example.com,+5582913979214,2020-08-12 00:00:00,True
108,31422357618,Camila Pereira,camila_pereira.108@example.com,+5526985802419,2022-02-06 00:00:00,True
109,45890995071,Pedro Almeida,pedro_almeida.109@example.com,+5528989458915,2023-04-05 00:00:00,False
110,70033090632,Marcos Rocha,marcos_rocha.110@example.com,+5585984770774,2025-06-16 00:00:00,True
111,20175998763,Larissa Gomes,larissa_gomes.111@example.com,+5576977221711,2023-06-03 00:00:00,True
112,80404749723,Lucas Costa,lucas_costa.112@example.com,+5562960513411,2020-11-06 00:00:00,True
113,17364577639,Juliana Costa,juliana_costa.113@example.com,+5537982222499,2023-10-03 00:00:00,True
114,76067737758,Juliana Gomes,juliana_gomes.114@example.com,+5582974995330,2023-01-06 00:00:00,True
115,21236381161,Larissa Costa,larissa_costa.115@example.com,+5594980218922,2020-12-02 00:00:00,True
116,25675767979,Marcos Almeida,marcos_almeida.116@example.com,+5591973126477,2022-10-22 00:00:00,True
117,82785614697,Larissa Silva,larissa_silva.117@example.com,+5576937577280,2023-07-04 00:00:00,True
118,40519961854,Camila Gomes,camila_gomes.118@example.com,+5523976992914,2022-03-31 00:00:00,True
119,59197311699,Camila Almeida,camila_almeida.119@example.com,+5599945622689,2023-03-27 00:00:00,True
120,28646855051,Camila Costa,camila_costa.120@example.com,+5559979286637,2025-01-05 00:00:00,False
121,71160616602,Carlos Almeida,carlos_almeida.121@example.com,+5582997209088,2023-08-28 00:00:00,True
122,06122038979,Pedro Souza,pedro_souza.122@example.com,+5554963707647,2022-08-09 00:00:00,False
123,90409607348,Ana Almeida,ana_almeida.123@example.com,+5527951587920,2021-10-10 00:00:00,True
124,98631854552,Sophia Silva,sophia_silva.124@example.com,+5520968420446,2023-11-08 00:00:00,True
125,61135101668,Marcos Santos,marcos_santos.125@example.com,+5588910308369,2023-09-07 00:00:00,True
126,87002646618,Bruno Silva,bruno_silva.126@example.com,+5582919888970,2020-07-02 00:00:00,True
127,90591806408,João Oliveira,joão_oliveira.127@example.com,+5545958796806,2022-06-30 00:00:00,True
128,00047128713,João Fernandes,joão_fernandes.128@example.com,+5535946081679,2025-05-08 00:00:00,True
129,57745883270,Camila Fernandes,camila_fernandes.129@example.com,+5586949068775,2021-01-02 00:00:00,False
130,06120511084,Juliana Costa,juliana_costa.130@example.com,+5528918043364,2022-02-25 00:00:00,True
131,86094678108,Juliana Santos,juliana_santos.131@example.com,+5564955472592,2022-04-05 00:00:00,True
132,81218642648,Larissa Almeida,larissa_almeida.132@example.com,+5574942929748,2022-03-13 00:00:00,True
133,29853559190,Camila Almeida,camila_almeida.133@example.com,+5539972460379,2022-02-25 00:00:00,False
134,84956987759,Marcos Rocha,marcos_rocha.134@example.com,+5541935253458,2020-05-21 00:00:00,True
135,18283453622,Larissa Costa,larissa_costa.135@example.com,+5533921190496,2023-04-28 00:00:00,True
136,13566623092,Camila Fernandes,camila_fernandes.136@example.com,+5552917177425,2022-11-17 00:00:00,True
137,20698907458,João Souza,joão_souza.137@example.com,+5584976445415,2023-05-07 00:00:00,True
138,36915106589,Lucas Pereira,lucas_pereira.138@example.com,+5594921538106,2023-10-18 00:00:00,True
139,38076467018,Larissa Gomes,larissa_gomes.139@example.com,+5542976235894,2020-01-24 00:00:00,True
140,01714178293,Ana Oliveira,ana_oliveira.140@example.com,+5516965351622,2020-06-05 00:00:00,True
141,17632888956,Rúbia Pereira,rúbia_pereira.141@example.com,+5584936130596,2021-07-05 00:00:00,True
142,27362432232,Marcos Fernandes,marcos_fernandes.142@example.com,+5585923251021,2020-01-11 00:00:00,True
143,75395973845,Sophia Oliveira,sophia_oliveira.143@example.com,+5539983190535,2023-11-23 00:00:00,True
144,81523472415,Mariana Rocha,mariana_rocha.144@example.com,+5598987653313,2024-05-26 00:00:00,True
145,55038494902,Rúbia Almeida,rúbia_almeida.145@example.com,+5557926777246,2020-06-07 00:00:00,True
146,75564496194,Larissa Gomes,larissa_gomes.146@example.com,+5546987794726,2021-02-07 00:00:00,True
147,19369360457,Bruno Rocha,bruno_rocha.147@example.com,+5514963199758,2024-03-19 00:00:00,True
148,15464420906,Bruno Pereira,bruno_pereira.148@example.com,+5571996500567,2023-11-25 00:00:00,True
149,77128486373,Marcos Almeida,marcos_almeida.149@example.com,+5592942071250,2023-12-12 00:00:00,True
150,61832234151,Mariana Souza,mariana_souza.150@example.com,+5594913801958,2022-06-21 00:00:00,True
151,53575133494,João Pereira,joão_pereira.151@example.com,+5528977793228,2022-05-03 00:00:00,False
152,15996591044,Bruno Rocha,bruno_rocha.152@example.com,+5531965006270,2025-05-17 00:00:00,True
153,97068901906,Bruno Fernandes,bruno_fernandes.153@example.com,+5561922007717,2025-01-30 00:00:00,True
154,45928597873,Ana Gomes,ana_gomes.154@example.com,+5562943807801,2023-12-12 00:00:00,False
155,91628385686,Larissa Costa,larissa_costa.155@example.com,+5529969868511,2024-12-26 00:00:00,True
156,33695483114,Rafaela Costa,rafaela_costa.156@example.com,+5534968888589,2020-02-19 00:00:00,True
157,67945364368,Larissa Gomes,larissa_gomes.157@example.com,+5528935380103,2022-09-19 00:00:00,False
158,95901356908,Sophia Almeida,sophia_almeida.158@example.com,+5517912488767,2023-01-09 00:00:00,True
159,43575840288,Juliana Oliveira,juliana_oliveira.159@example.com,+5539998504282,2024-08-26 00:00:00,True
160,47793446664,Mariana Santos,mariana_santos.160@example.com,+5531985719740,2024-07-23 00:00:00,True
161,05995226822,Juliana Rocha,juliana_rocha.161@example.com,+5557983657225,2022-03-08 00:00:00,True
162,44567038790,Larissa Pereira,larissa_pereira.162@example.com,+5517965824212,2024-06-13 00:00:00,True
163,77452760660,Ana Costa,ana_costa.163@example.com,+5539987320353,2025-04-05 00:00:00,True
164,74594404659,Bruno Souza,bruno_souza.164@example.com,+5584955239114,2023-02-14 00:00:00,True
165,16750097944,Ana Souza,ana_souza.165@example.com,+5596933723370,2025-01-24 00:00:00,True
166,62372767497,Juliana Costa,juliana_costa.166@example.com,+5588912088043,2021-03-09 00:00:00,True
167,19359837406,Juliana Silva,juliana_silva.167@example.com,+5524974587778,2022-04-17 00:00:00,True
168,05500733473,Rafaela Pereira,rafaela_pereira.168@example.com,+5568945505115,2025-04-27 00:00:00,True
169,31314543194,Mariana Rocha,mariana_rocha.169@example.com,+5554953737835,2024-11-02 00:00:00,True
170,53584621554,Sophia Souza,sophia_souza.170@example.com,+5558976932311,2021-01-27 00:00:00,True
171,67465289744,Bruno Souza,bruno_souza.171@example.com,+5539945190055,2022-06-01 00:00:00,True
172,84903435077,Camila Santos,camila_santos.172@example.com,+5580995120103,2022-12-29 00:00:00,True
173,05115068557,Rúbia Pereira,rúbia_pereira.173@example.com,+5518995938752,2022-06-23 00:00:00,False
174,89285758116,Marcos Oliveira,marcos_oliveira.174@example.com,+5513944837629,2021-10-16 00:00:00,True
175,53066877679,Juliana Almeida,juliana_almeida.175@example.com,+5571971239748,2024-11-28 00:00:00,True
176,01403091036,Pedro Fernandes,pedro_fernandes.176@example.com,+5527947142721,2020-07-30 00:00:00,True
177,32545395658,Camila Costa,camila_costa.177@example.com,+5565911692980,2023-08-03 00:00:00,True
178,21197751533,Larissa Silva,larissa_silva.178@example.com,+5562914094867,2020-09-03 00:00:00,True
179,88319519741,Lucas Gomes,lucas_gomes.179@example.com,+5535910764634,2022-03-15 00:00:00,True
180,12366631142,Rafaela Rocha,rafaela_rocha.180@example.com,+5592994113554,2020-09-09 00:00:00,True
181,20357464247,Carlos Oliveira,carlos_oliveira.181@example.com,+5597929439939,2022-12-19 00:00:00,True
182,99352657463,Juliana Souza,juliana_souza.182@example.com,+5516989821759,2020-05-11 00:00:00,True
183,57630333236,Ana Oliveira,ana_oliveira.183@example.com,+5558937153520,2020-07-08 00:00:00,True
184,83370706894,Lucas Almeida,lucas_almeida.184@example.com,+5521935752835,2023-09-15 00:00:00,True
185,14657270022,Mariana Almeida,mariana_almeida.185@example.com,+5511961612249,2024-03-29 00:00:00,True
186,84890909829,Rafaela Santos,rafaela_santos.186@example.com,+5555923191320,2020-12-05 00:00:00,True
187,45957690331,Larissa Santos,larissa_santos.187@example.com,+5573912003681,2023-02-15 00:00:00,True
188,29603016668,Mariana Souza,mariana_souza.188@example.com,+5518931965733,2021-10-17 00:00:00,True
189,91076824423,Sophia Gomes,sophia_gomes.189@example.com,+5559911781268,2022-11-06 00:00:00,True
190,11856575494,Lucas Oliveira,lucas_oliveira.190@example.com,+5584968298307,2020-06-26 00:00:00,True
191,06518791279,Sophia Rocha,sophia_rocha.191@example.com,+5593911871449,2021-09-30 00:00:00,True
192,93239962275,João Santos,joão_santos.192@example.com,+5516934156755,2024-03-10 00:00:00,True
193,54249194864,Carlos Silva,carlos_silva.193@example.com,+5572983311991,2023-11-13 00:00:00,True
194,53224207048,João Souza,joão_souza.194@example.com,+5552916972626,2023-11-11 00:00:00,True
195,72099753063,Mariana Almeida,mariana_almeida.195@example.com,+5581944613641,2022-07-13 00:00:00,True
196,67000655107,Sophia Oliveira,sophia_oliveira.196@example.com,+5526997753121,2020-07-13 00:00:00,True
197,12829827330,Pedro Fernandes,pedro_fernandes.197@example.com,+5556991982904,2025-03-06 00:00:00,True
198,27095734073,João Oliveira,joão_oliveira.198@example.com,+5596968184797,2025-01-25 00:00:00,True
199,26319368376,Marcos Oliveira,marcos_oliveira.199@example.com,+5550956693243,2021-07-25 00:00:00,False
200,82670457078,Lucas Rocha,lucas_rocha.200@example.com,+5517951784130,2023-05-06 00:00:00,True
201,88630610646,Lucas Almeida,lucas_almeida.201@example.com,+5534932763487,2022-02-03 00:00:00,True
202,74197189402,João Oliveira,joão_oliveira.202@example.com,+5583937691784,2022-10-19 00:00:00,True
203,28205123637,Sophia Almeida,sophia_almeida.203@example.com,+5567987585945,2022-09-07 00:00:00,True
204,60546900026,Mariana Pereira,mariana_pereira.204@example.com,+5561920849238,2023-02-20 00:00:00,True
205,80683207917,Sophia Gomes,sophia_gomes.205@example.com,+5534954049534,2020-02-02 00:00:00,True
206,57642752692,Lucas Costa,lucas_costa.206@example.com,+5579937129501,2021-02-23 00:00:00,True
207,18544162511,Mariana Costa,mariana_costa.207@example.com,+5548967746574,2023-05-11 00:00:00,False
208,07283541109,Sophia Gomes,sophia_gomes.208@example.com,+5553930320119,2020-07-04 00:00:00,True
209,34935572046,Camila Oliveira,camila_oliveira.209@example.com,+5591940458034,2022-11-03 00:00:00,True
210,95829154879,Sophia Silva,sophia_silva.210@example.com,+5566933786120,2024-04-03 00:00:00,True
211,41975361618,Bruno Oliveira,bruno_oliveira.211@example.com,+5599931650609,2021-10-22 00:00:00,True
212,34077998155,Marcos Fernandes,marcos_fernandes.212@example.com,+5523928131841,2022-06-04 00:00:00,True
213,38704234250,Rafaela Almeida,rafaela_almeida.213@example.com,+5588960600856,2022-06-09 00:00:00,True
214,54433190071,Carlos Santos,carlos_santos.214@example.com,+5518963233384,2025-05-10 00:00:00,True
215,63693454315,Bruno Pereira,bruno_pereira.215@example.com,+5541917856380,2022-05-16 00:00:00,True
216,15086582212,Ana Rocha,ana_rocha.216@example.com,+5517973075630,2023-06-30 00:00:00,True
217,83767320734,Mariana Costa,mariana_costa.217@example.com,+5518967640672,2023-08-11 00:00:00,True
218,68057195469,Marcos Oliveira,marcos_oliveira.218@example.com,+5581920827974,2022-07-18 00:00:00,True
219,80582088637,Rafaela Fernandes,rafaela_fernandes.219@example.com,+5552966371389,2020-04-24 00:00:00,True
220,85081179692,Bruno Silva,bruno_silva.220@example.com,+5581959132167,2025-03-19 00:00:00,True
221,49606689789,João Santos,joão_santos.221@example.com,+5540972763910,2023-02-02 00:00:00,True
222,61122633008,Mariana Silva,mariana_silva.222@example.com,+5596922755922,2020-01-27 00:00:00,True
223,67969440030,Juliana Santos,juliana_santos.223@example.com,+5571965972904,2021-12-23 00:00:00,True
224,80613248391,Larissa Almeida,larissa_almeida.224@example.com,+5563961904528,2024-10-14 00:00:00,False
225,84588026610,Juliana Gomes,juliana_gomes.225@example.com,+5563991033870,2020-10-03 00:00:00,True
226,85247674407,Larissa Silva,larissa_silva.226@example.com,+5589948528372,2022-09-14 00:00:00,True
227,18245465109,Lucas Santos,lucas_santos.227@example.com,+5529997373694,2022-01-02 00:00:00,True
228,67220796522,Mariana Souza,mariana_souza.228@example.com,+5561935779619,2022-10-20 00:00:00,True
229,84576452918,Larissa Almeida,larissa_almeida.229@example.com,+5586920264509,2025-02-15 00:00:00,True
230,98348995014,Marcos Santos,marcos_santos.230@example.com,+5513990307955,2021-01-12 00:00:00,True
231,69438320486,Ana Silva,ana_silva.231@example.com,+5557931742189,2020-02-11 00:00:00,True
232,16760595097,Juliana Pereira,juliana_pereira.232@example.com,+5552933793341,2021-08-02 00:00:00,True
233,00347258158,Carlos Costa,carlos_costa.233@example.com,+5547989300578,2022-01-07 00:00:00,True
234,64423704506,Carlos Pereira,carlos_pereira.234@example.com,+5574926050345,2023-10-26 00:00:00,True
235,17170357208,Juliana Rocha,juliana_rocha.235@example.com,+5544944394818,2021-07-15 00:00:00,True
236,64156449763,Marcos Gomes,marcos_gomes.236@example.com,+5513933917788,2022-08-02 00:00:00,True
237,96030402248,Mariana Oliveira,mariana_oliveira.237@example.com,+5521914902255,2025-04-22 00:00:00,True
238,11311684438,Ana Pereira,ana_pereira.238@example.com,+5590992846282,2023-05-03 00:00:00,True
239,60138764140,Lucas Costa,lucas_costa.239@example.com,+5548965612233,2021-12-30 00:00:00,False
240,13064481393,Juliana Pereira,juliana_pereira.240@example.com,+5576927736846,2022-08-09 00:00:00,True
241,92107809895,Larissa Fernandes,larissa_fernandes.241@example.com,+5566948962708,2020-10-20 00:00:00,True
242,89921796002,Rúbia Costa,rúbia_costa.242@example.com,+5554996693702,2020-11-04 00:00:00,True
243,19114484650,Mariana Souza,mariana_souza.243@example.com,+5590965006569,2022-05-07 00:00:00,True
244,05626905863,Pedro Fernandes,pedro_fernandes.244@example.com,+5556914659980,2020-07-09 00:00:00,True
245,06088243777,João Silva,joão_silva.245@example.com,+5551926122118,2020-11-07 00:00:00,True
246,59786909836,Sophia Costa,sophia_costa.246@example.com,+5543988603739,2022-04-27 00:00:00,True
247,95856346370,Rafaela Pereira,rafaela_pereira.247@example.com,+5592917845399,2023-12-05 00:00:00,True
248,65804017389,Larissa Fernandes,larissa_fernandes.248@example.com,+5591978654395,2020-09-05 00:00:00,False
249,37865708197,Camila Gomes,camila_gomes.249@example.com,+5561948293310,2023-10-01 00:00:00,False
250,43610072607,Pedro Souza,pedro_souza.250@example.com,+5599948217618,2023-09-13 00:00:00,True
251,97797651226,Sophia Silva,sophia_silva.251@example.com,+5552930882152,2021-09-21 00:00:00,True
252,81527646178,Bruno Gomes,bruno_gomes.252@example.com,+5511914681039,2022-09-20 00:00:00,True
253,61143121813,Pedro Souza,pedro_souza.253@example.com,+5550910207456,2022-11-08 00:00:00,True
254,71509659875,Pedro Fernandes,pedro_fernandes.254@example.com,+5580984082884,2021-05-27 00:00:00,True
255,55608850763,Lucas Silva,lucas_silva.255@example.com,+5565929957595,2021-12-18 00:00:00,True
256,57614243783,Sophia Rocha,sophia_rocha.256@example.com,+5520920591783,2023-06-13 00:00:00,True
257,56467572355,Mariana Oliveira,mariana_oliveira.257@example.com,+5598923558273,2023-10-10 00:00:00,True
258,30404306235,Juliana Oliveira,juliana_oliveira.258@example.com,+5554960048820,2022-10-28 00:00:00,True
259,59689387627,Juliana Pereira,juliana_pereira.259@example.com,+5519915729423,2021-08-25 00:00:00,True
260,28476271627,Rúbia Rocha,rúbia_rocha.260@example.com,+5579967546026,2023-07-19 00:00:00,True
261,34331810854,Mariana Santos,mariana_santos.261@example.com,+5549999189861,2023-10-05 00:00:00,True
262,12879047022,Mariana Souza,mariana_souza.262@example.com,+5513951638896,2024-05-09 00:00:00,False
263,63262388017,Rafaela Pereira,rafaela_pereira.263@example.com,+5515980736350,2022-08-30 00:00:00,True
264,09210227660,Marcos Gomes,marcos_gomes.264@example.com,+5587946177405,2022-07-11 00:00:00,True
265,01778013579,Carlos Rocha,carlos_rocha.265@example.com,+5542967232215,2024-11-17 00:00:00,True
266,31335412873,Carlos Silva,carlos_silva.266@example.com,+5522976100884,2022-09-22 00:00:00,True
267,66359308670,Rúbia Silva,rúbia_silva.267@example.com,+5543940446207,2023-10-22 00:00:00,True
268,65472848231,Ana Costa,ana_costa.268@example.com,+5596928371666,2022-11-04 00:00:00,True
269,15053054600,Camila Costa,camila_costa.269@example.com,+5553987580019,2024-08-15 00:00:00,True
270,99881609763,Juliana Gomes,juliana_gomes.270@example.com,+5574945275746,2025-02-28 00:00:00,True
271,89040875450,Carlos Almeida,carlos_almeida.271@example.com,+5520999387573,2020-05-17 00:00:00,True
272,40142994681,Bruno Almeida,bruno_almeida.272@example.com,+5570962611951,2025-05-05 00:00:00,True
273,20746661479,Juliana Almeida,juliana_almeida.273@example.com,+5558967559655,2022-12-30 00:00:00,True
274,62077234771,Rúbia Gomes,rúbia_gomes.274@example.com,+5511995359259,2022-04-21 00:00:00,True
275,98641952344,Sophia Rocha,sophia_rocha.275@example.com,+5583990701478,2021-02-22 00:00:00,True
276,10853969686,Pedro Rocha,pedro_rocha.276@example.com,+5592944476203,2022-11-29 00:00:00,True
277,42925468798,Pedro Gomes,pedro_gomes.277@example.com,+5576961841745,2023-11-12 00:00:00,True
278,05320612159,Camila Silva,camila_silva.278@example.com,+5571958845687,2024-07-12 00:00:00,False
279,48744289398,Ana Souza,ana_souza.279@example.com,+5555966431907,2024-06-12 00:00:00,True
280,76532363028,Carlos Silva,carlos_silva.280@example.com,+5588982155998,2022-01-18 00:00:00,True
281,07561082677,Mariana Almeida,mariana_almeida.281@example.com,+5522954681035,2022-03-30 00:00:00,True
282,56264478053,Pedro Souza,pedro_souza.282@example.com,+5593916555561,2020-05-28 00:00:00,True
283,88086786490,Juliana Santos,juliana_santos.283@example.com,+5529939813100,2024-10-07 00:00:00,True
284,89073193494,João Souza,joão_souza.284@example.com,+5560954877322,2020-01-24 00:00:00,True
285,55422823167,Carlos Gomes,carlos_gomes.285@example.com,+5592939642115,2023-07-22 00:00:00,True
286,97779436414,Juliana Gomes,juliana_gomes.286@example.com,+5543928723659,2025-05-12 00:00:00,True
287,30141052244,Marcos Oliveira,marcos_oliveira.287@example.com,+5595981073179,2021-09-18 00:00:00,True
288,16703689748,Juliana Oliveira,juliana_oliveira.288@example.com,+5515924359054,2022-03-13 00:00:00,True
289,58307893867,Lucas Oliveira,lucas_oliveira.289@example.com,+5564936989717,2024-06-21 00:00:00,True
290,86184180137,Ana Rocha,ana_rocha.290@example.com,+5597984610893,2022-11-01 00:00:00,True
291,84955738149,Larissa Souza,larissa_souza.291@example.com,+5539946839084,2022-01-01 00:00:00,True
292,63864180177,João Fernandes,joão_fernandes.292@example.com,+5591958892328,2024-03-04 00:00:00,True
293,30871026921,Lucas Costa,lucas_costa.293@example.com,+5595918065324,2022-02-07 00:00:00,True
294,92293362876,João Silva,joão_silva.294@example.com,+5586942744388,2024-06-30 00:00:00,True
295,31821211632,João Santos,joão_santos.295@example.com,+5572984416396,2023-04-10 00:00:00,True
296,49764347137,Larissa Santos,larissa_santos.296@example.com,+5574964296505,2020-01-17 00:00:00,True
297,99615745049,João Silva,joão_silva.297@example.com,+5578969375325,2021-03-22 00:00:00,True
298,85782272045,Carlos Almeida,carlos_almeida.298@example.com,+5590973396247,2024-06-24 00:00:00,False
299,56383634705,Marcos Fernandes,marcos_fernandes.299@example.com,+5592974153111,2023-12-20 00:00:00,True
300,67426703957,Ana Fernandes,ana_fernandes.300@example.com,+5520994728135,2021-12-08 00:00:00,True
301,53423262107,Ana Pereira,ana_pereira.301@example.com,+5533976547562,2023-01-29 00:00:00,True
302,83375610205,Sophia Fernandes,sophia_fernandes.302@example.com,+5577919306691,2025-03-30 00:00:00,True
303,28982022177,Carlos Gomes,carlos_gomes.303@example.com,+5555926429567,2024-06-12 00:00:00,True
304,61589847106,Rafaela Santos,rafaela_santos.304@example.com,+5540920211541,2020-09-16 00:00:00,True
305,77968167262,Rúbia Gomes,rúbia_gomes.305@example.com,+5511977114536,2020-01-31 00:00:00,True
306,56535588307,Larissa Souza,larissa_souza.306@example.com,+5534991078933,2022-04-05 00:00:00,True
307,49939133174,João Silva,joão_silva.307@example.com,+5567952802450,2023-03-07 00:00:00,True
308,17871999722,Lucas Gomes,lucas_gomes.308@example.com,+5558997808352,2020-06-11 00:00:00,True
309,83521075897,Carlos Gomes,carlos_gomes.309@example.com,+5578987072123,2021-01-25 00:00:00,True
310,83039103028,Ana Costa,ana_costa.310@example.com,+5588954358572,2020-06-26 00:00:00,True
311,61034443085,João Souza,joão_souza.311@example.com,+5554911340106,2020-06-21 00:00:00,True
312,11741271171,Larissa Pereira,larissa_pereira.312@example.com,+5517998753027,2022-03-30 00:00:00,True
313,35160565230,Marcos Almeida,marcos_almeida.313@example.com,+5527922756235,2022-07-27 00:00:00,True
314,16380544285,Lucas Santos,lucas_santos.314@example.com,+5561911949517,2021-06-23 00:00:00,True
315,57027355085,Lucas Santos,lucas_santos.315@example.com,+5560986270484,2020-09-10 00:00:00,True
316,42746536791,Rúbia Almeida,rúbia_almeida.316@example.com,+5577968963533,2023-10-16 00:00:00,True
317,39421394283,Pedro Santos,pedro_santos.317@example.com,+5576978181418,2024-10-02 00:00:00,True
318,52434611051,Rúbia Costa,rúbia_costa.318@example.com,+5545955083373,2024-09-30 00:00:00,True
319,54771279947,Rúbia Oliveira,rúbia_oliveira.319@example.com,+5578931974866,2024-08-17 00:00:00,True
320,64890667238,Bruno Rocha,bruno_rocha.320@example.com,+5531916070504,2025-01-07 00:00:00,True
321,77833063802,Rúbia Costa,rúbia_costa.321@example.com,+5536953961061,2025-02-14 00:00:00,True
322,14277733083,Sophia Souza,sophia_souza.322@example.com,+5525932351563,2022-10-11 00:00:00,True
323,24424388701,Mariana Pereira,mariana_pereira.323@example.com,+5576943971785,2021-05-05 00:00:00,True
324,46851371543,Mariana Fernandes,mariana_fernandes.324@example.com,+5534938109668,2020-06-07 00:00:00,True
325,73018852379,Mariana Souza,mariana_souza.325@example.com,+5519984903197,2021-05-08 00:00:00,True
326,56071857944,Carlos Silva,carlos_silva.326@example.com,+5575981937144,2020-06-19 00:00:00,True
327,49002516338,Camila Costa,camila_costa.327@example.com,+5585973336793,2024-02-09 00:00:00,True
328,51948926032,Bruno Almeida,bruno_almeida.328@example.com,+5548960058097,2021-06-03 00:00:00,True
329,26879654993,Camila Costa,camila_costa.329@example.com,+5575991944788,2021-01-25 00:00:00,True
330,25233615791,Pedro Souza,pedro_souza.330@example.com,+5558999250322,2023-06-10 00:00:00,True
331,06416710157,Lucas Almeida,lucas_almeida.331@example.com,+5573984437025,2025-04-04 00:00:00,True
332,10561258582,Sophia Almeida,sophia_almeida.332@example.com,+5578957357271,2022-10-26 00:00:00,True
333,62320371545,Marcos Silva,marcos_silva.333@example.com,+5557939699966,2023-04-08 00:00:00,True
334,71369727319,Sophia Rocha,sophia_rocha.334@example.com,+5520928201674,2020-02-25 00:00:00,True
335,54771990262,Pedro Fernandes,pedro_fernandes.335@example.com,+5562981252270,2021-11-26 00:00:00,True
336,40003054911,Camila Fernandes,camila_fernandes.336@example.com,+5555927534779,2022-07-26 00:00:00,True
337,66632827774,Rafaela Santos,rafaela_santos.337@example.com,+5551961430269,2022-10-10 00:00:00,True
338,24226883052,Sophia Gomes,sophia_gomes.338@example.com,+5542971721144,2022-05-08 00:00:00,True
339,87845762262,Ana Fernandes,ana_fernandes.339@example.com,+5526932871582,2022-04-11 00:00:00,True
340,96208317334,Juliana Silva,juliana_silva.340@example.com,+5531961192514,2023-09-28 00:00:00,True
341,13054382787,Larissa Silva,larissa_silva.341@example.com,+5565993233579,2024-11-23 00:00:00,True
342,95725422020,Mariana Costa,mariana_costa.342@example.com,+5587957517770,2020-07-12 00:00:00,True
343,81069137211,Larissa Oliveira,larissa_oliveira.343@example.com,+5577938014467,2023-07-23 00:00:00,True
344,53124664889,Camila Santos,camila_santos.344@example.com,+5552984497714,2025-01-05 00:00:00,True
345,61001577044,Marcos Souza,marcos_souza.345@example.com,+5580978822285,2022-08-21 00:00:00,True
346,03509411981,Juliana Fernandes,juliana_fernandes.346@example.com,+5539955002101,2024-03-15 00:00:00,False
347,03047715794,Larissa Rocha,larissa_rocha.347@example.com,+5524970108404,2022-06-22 00:00:00,True
348,99331174624,Rúbia Rocha,rúbia_rocha.348@example.com,+5584989184147,2023-07-06 00:00:00,True
349,69990927305,Mariana Costa,mariana_costa.349@example.com,+5548993057137,2024-04-12 00:00:00,True
350,63336055746,Pedro Pereira,pedro_pereira.350@example.com,+5560966454492,2020-01-03 00:00:00,True
351,04013530484,Larissa Oliveira,larissa_oliveira.351@example.com,+5555927053995,2022-08-08 00:00:00,True
352,93757444920,Pedro Gomes,pedro_gomes.352@example.com,+5565925338095,2021-11-21 00:00:00,True
353,99482257226,Rúbia Almeida,rúbia_almeida.353@example.com,+5535918104063,2022-03-12 00:00:00,True
354,03796812849,Pedro Gomes,pedro_gomes.354@example.com,+5567960571542,2021-08-18 00:00:00,True
355,07570944560,Ana Fernandes,ana_fernandes.355@example.com,+5571932032671,2022-12-26 00:00:00,True
356,60019618452,Larissa Almeida,larissa_almeida.356@example.com,+5561914015586,2024-12-19 00:00:00,True
357,16829738844,João Fernandes,joão_fernandes.357@example.com,+5593981388521,2022-01-08 00:00:00,True
358,16103109277,Carlos Pereira,carlos_pereira.358@example.com,+5547989458246,2024-04-30 00:00:00,True
359,58417228581,João Souza,joão_souza.359@example.com,+5591917278206,2023-05-01 00:00:00,True
360,29867121075,Camila Fernandes,camila_fernandes.360@example.com,+5597989821840,2024-07-26 00:00:00,True
361,50336477704,Larissa Silva,larissa_silva.361@example.com,+5523950172429,2024-01-25 00:00:00,True
362,89381460331,Carlos Souza,carlos_souza.362@example.com,+5531970385896,2024-05-26 00:00:00,True
363,67620501177,Larissa Silva,larissa_silva.363@example.com,+5597969218779,2022-03-22 00:00:00,True
364,90902835303,Camila Santos,camila_santos.364@example.com,+5527950740640,2021-03-18 00:00:00,True
365,39841116307,Juliana Fernandes,juliana_fernandes.365@example.com,+5579946413734,2022-08-20 00:00:00,True
366,35293084065,Marcos Oliveira,marcos_oliveira.366@example.com,+5579949484242,2020-08-06 00:00:00,True
367,70833993570,Marcos Rocha,marcos_rocha.367@example.com,+5591921693779,2022-09-18 00:00:00,True
368,63952870215,João Pereira,joão_pereira.368@example.com,+5566974693271,2024-06-13 00:00:00,True
369,30030219681,Juliana Pereira,juliana_pereira.369@example.com,+5575930860075,2020-09-21 00:00:00,True
370,92888754241,João Almeida,joão_almeida.370@example.com,+5541980170076,2020-03-10 00:00:00,True
371,24879387270,Larissa Costa,larissa_costa.371@example.com,+5527915515719,2021-07-25 00:00:00,True
372,66910260341,Sophia Souza,sophia_souza.372@example.com,+5590914011782,2023-03-15 00:00:00,False
373,60799519412,Ana Gomes,ana_gomes.373@example.com,+5528970695742,2020-10-05 00:00:00,True
374,76356093677,Camila Rocha,camila_rocha.374@example.com,+5536927059023,2020-10-05 00:00:00,True
375,61537366880,Mariana Santos,mariana_santos.375@example.com,+5514988132359,2023-02-19 00:00:00,True
376,20056379716,Ana Gomes,ana_gomes.376@example.com,+5556966257312,2025-01-10 00:00:00,True
377,27142216111,Pedro Oliveira,pedro_oliveira.377@example.com,+5528989317476,2024-08-03 00:00:00,True
378,96728776372,Rúbia Souza,rúbia_souza.378@example.com,+5529963886522,2022-04-17 00:00:00,True
379,94752102168,Lucas Santos,lucas_santos.379@example.com,+5544998382549,2024-02-12 00:00:00,True
380,14823541804,João Silva,joão_silva.380@example.com,+5537981614419,2024-03-31 00:00:00,True
381,48703611407,Rúbia Oliveira,rúbia_oliveira.381@example.com,+5549938583922,2022-08-25 00:00:00,True
382,22385978842,João Santos,joão_santos.382@example.com,+5573958793511,2023-05-04 00:00:00,True
383,81237667952,Ana Rocha,ana_rocha.383@example.com,+5593911001697,2021-09-01 00:00:00,True
384,83277495692,Camila Costa,camila_costa.384@example.com,+5518935344723,2020-08-23 00:00:00,True
385,88606615276,Camila Rocha,camila_rocha.385@example.com,+5558970354569,2020-02-11 00:00:00,True
386,10617392495,Bruno Almeida,bruno_almeida.386@example.com,+5537929161588,2020-02-10 00:00:00,True
387,77753262984,Ana Gomes,ana_gomes.387@example.com,+5557910778417,2025-02-23 00:00:00,True
388,96485007171,Pedro Almeida,pedro_almeida.388@example.com,+5556914494971,2023-02-14 00:00:00,True
389,45185995840,João Costa,joão_costa.389@example.com,+5557973114057,2020-02-04 00:00:00,True
390,14078006760,Pedro Silva,pedro_silva.390@example.com,+5517997690464,2021-01-09 00:00:00,True
391,49246035545,Mariana Santos,mariana_santos.391@example.com,+5552917513763,2020-02-21 00:00:00,True
392,95920000986,Sophia Santos,sophia_santos.392@example.com,+5588972652096,2020-12-24 00:00:00,True
393,41795586185,Mariana Santos,mariana_santos.393@example.com,+5544958460465,2021-05-17 00:00:00,True
394,67268397610,Bruno Pereira,bruno_pereira.394@example.com,+5532984514472,2025-04-20 00:00:00,True
395,25435343464,Carlos Rocha,carlos_rocha.395@example.com,+5582915718851,2020-02-16 00:00:00,True
396,12844841611,Lucas Souza,lucas_souza.396@example.com,+5559912490501,2023-06-10 00:00:00,True
397,50507855667,Pedro Costa,pedro_costa.397@example.com,+5599973470056,2021-12-01 00:00:00,True
398,25843139264,João Santos,joão_santos.398@example.com,+5562977382280,2023-06-18 00:00:00,True
399,83617539777,Carlos Costa,carlos_costa.399@example.com,+5529987903198,2023-05-31 00:00:00,True
400,25522934965,Pedro Oliveira,pedro_oliveira.400@example.com,+5557925174220,2020-09-09 00:00:00,True
401,40257158198,Mariana Souza,mariana_souza.401@example.com,+5597910459425,2020-09-04 00:00:00,True
402,64971914887,João Santos,joão_santos.402@example.com,+5534997464588,2024-06-22 00:00:00,True
403,80829586015,Mariana Costa,mariana_costa.403@example.com,+5593940817817,2022-05-04 00:00:00,True
404,83145724644,Carlos Almeida,carlos_almeida.404@example.com,+5558928313143,2023-11-05 00:00:00,True
405,01836889230,Juliana Gomes,juliana_gomes.405@example.com,+5528964319716,2020-04-11 00:00:00,True
406,26852421262,Juliana Costa,juliana_costa.406@example.com,+5567944086284,2020-09-04 00:00:00,True
407,67163760764,Juliana Oliveira,juliana_oliveira.407@example.com,+5563958409443,2020-08-04 00:00:00,True
408,85390956673,Ana Oliveira,ana_oliveira.408@example.com,+5581993766057,2024-05-02 00:00:00,True
409,43469460008,Sophia Fernandes,sophia_fernandes.409@example.com,+5558939300024,2024-12-06 00:00:00,True
410,71488989051,Mariana Almeida,mariana_almeida.410@example.com,+5587923783663,2024-03-30 00:00:00,True
411,90228084843,Mariana Pereira,mariana_pereira.411@example.com,+5591980234657,2025-04-04 00:00:00,True
412,58476057977,Carlos Gomes,carlos_gomes.412@example.com,+5565946114086,2020-06-23 00:00:00,True
413,99258946504,Pedro Almeida,pedro_almeida.413@example.com,+5562923717271,2021-05-26 00:00:00,True
414,67485532291,Rafaela Almeida,rafaela_almeida.414@example.com,+5548920427715,2022-01-18 00:00:00,True
415,52264027281,Ana Almeida,ana_almeida.415@example.com,+5580958571594,2024-10-07 00:00:00,True
416,54995747886,Sophia Costa,sophia_costa.416@example.com,+5595959451662,2023-04-22 00:00:00,True
417,22550557258,Rúbia Santos,rúbia_santos.417@example.com,+5568926468947,2023-05-24 00:00:00,True
418,38523942789,Sophia Gomes,sophia_gomes.418@example.com,+5531943098130,2024-07-06 00:00:00,True
419,82533880788,Bruno Fernandes,bruno_fernandes.419@example.com,+5516972732024,2022-12-09 00:00:00,True
420,13092243167,Rúbia Oliveira,rúbia_oliveira.420@example.com,+5582924176075,2023-10-20 00:00:00,True
421,77837970250,Larissa Almeida,larissa_almeida.421@example.com,+5556990636977,2025-04-19 00:00:00,True
422,12685061026,Rafaela Fernandes,rafaela_fernandes.422@example.com,+5513995631306,2020-05-09 00:00:00,True
423,49680653095,Ana Oliveira,ana_oliveira.423@example.com,+5549931094700,2021-03-21 00:00:00,True
424,00985918163,João Gomes,joão_gomes.424@example.com,+5588954756705,2022-12-12 00:00:00,True
425,03303571292,Pedro Silva,pedro_silva.425@example.com,+5545949973095,2020-05-05 00:00:00,True
426,95103826150,Ana Costa,ana_costa.426@example.com,+5541941243404,2021-08-28 00:00:00,True
427,77688208054,Juliana Silva,juliana_silva.427@example.com,+5567996155231,2023-11-04 00:00:00,True
428,96346642534,Mariana Souza,mariana_souza.428@example.com,+5558936847780,2023-03-12 00:00:00,False
429,33688202323,Carlos Fernandes,carlos_fernandes.429@example.com,+5552966852106,2024-09-17 00:00:00,True
430,46669557169,Mariana Oliveira,mariana_oliveira.430@example.com,+5578929831008,2020-10-04 00:00:00,True
431,75077282190,Carlos Souza,carlos_souza.431@example.com,+5521932926298,2020-02-13 00:00:00,True
432,78275038753,João Fernandes,joão_fernandes.432@example.com,+5588926201265,2022-02-16 00:00:00,True
433,24484454951,Pedro Almeida,pedro_almeida.433@example.com,+5557993471757,2022-07-20 00:00:00,True
434,20586532798,Ana Gomes,ana_gomes.434@example.com,+5586949721517,2021-07-21 00:00:00,True
435,87193679397,Mariana Gomes,mariana_gomes.435@example.com,+5541926602220,2022-06-20 00:00:00,True
436,76005922570,Mariana Souza,mariana_souza.436@example.com,+5543976288280,2021-11-18 00:00:00,True
437,95017384016,Camila Pereira,camila_pereira.437@example.com,+5539938850096,2021-01-15 00:00:00,True
438,18026197434,Camila Souza,camila_souza.438@example.com,+5564912110870,2020-05-22 00:00:00,True
439,86997969436,Juliana Santos,juliana_santos.439@example.com,+5595976212122,2023-08-29 00:00:00,True
440,63151896278,Mariana Oliveira,mariana_oliveira.440@example.com,+5595942901488,2020-04-13 00:00:00,True
441,53104450540,Ana Santos,ana_santos.441@example.com,+5544998703550,2024-04-20 00:00:00,True
442,31939546675,Rafaela Almeida,rafaela_almeida.442@example.com,+5568996150456,2022-10-16 00:00:00,True
443,82788924555,Bruno Souza,bruno_souza.443@example.com,+5559987679510,2023-01-30 00:00:00,False
444,17755659648,Mariana Oliveira,mariana_oliveira.444@example.com,+5546998462457,2021-03-01 00:00:00,True
445,71880823675,Sophia Oliveira,sophia_oliveira.445@example.com,+5513967991104,2024-09-14 00:00:00,True
446,40968016974,Camila Fernandes,camila_fernandes.446@example.com,+5515933043164,2024-02-29 00:00:00,False
447,68405018768,João Silva,joão_silva.447@example.com,+5530932357798,2024-10-18 00:00:00,True
448,47611049797,Carlos Almeida,carlos_almeida.448@example.com,+5564948114461,2020-09-26 00:00:00,True
449,31947599528,Marcos Almeida,marcos_almeida.449@example.com,+5543966963793,2023-07-13 00:00:00,True
450,19494130183,Bruno Pereira,bruno_pereira.450@example.com,+5532939207136,2022-06-22 00:00:00,True
451,74136275258,Pedro Almeida,pedro_almeida.451@example.com,+5515955857900,2024-05-19 00:00:00,True
452,26069735328,João Gomes,joão_gomes.452@example.com,+5555999251384,2023-01-07 00:00:00,True
453,61287178895,Mariana Fernandes,mariana_fernandes.453@example.com,+5521965887114,2024-01-29 00:00:00,True
454,42232918093,Larissa Oliveira,larissa_oliveira.454@example.com,+5563997871529,2023-01-05 00:00:00,True
455,99513738212,Mariana Santos,mariana_santos.455@example.com,+5595946968382,2022-04-17 00:00:00,True
456,64245957226,Rafaela Santos,rafaela_santos.456@example.com,+5518974893506,2022-04-08 00:00:00,True
457,53241589262,Larissa Oliveira,larissa_oliveira.457@example.com,+5574911347270,2022-07-23 00:00:00,True
458,18934248900,Larissa Gomes,larissa_gomes.458@example.com,+5570974454238,2020-05-21 00:00:00,True
459,01786759226,Ana Silva,ana_silva.459@example.com,+5513986602905,2023-12-10 00:00:00,True
460,05421614618,João Silva,joão_silva.460@example.com,+5544990817094,2024-07-25 00:00:00,True
461,79105973979,Ana Pereira,ana_pereira.461@example.com,+5575935186171,2021-12-09 00:00:00,True
462,82188966367,Mariana Silva,mariana_silva.462@example.com,+5537999380182,2021-12-04 00:00:00,True
463,87084897226,Mariana Pereira,mariana_pereira.463@example.com,+5552991574706,2021-08-10 00:00:00,True
464,01366931610,Ana Silva,ana_silva.464@example.com,+5514928279043,2024-06-26 00:00:00,True
465,59691702623,Rúbia Almeida,rúbia_almeida.465@example.com,+5590997638394,2020-06-12 00:00:00,True
466,14352440121,Mariana Rocha,mariana_rocha.466@example.com,+5549994780649,2023-01-28 00:00:00,True
467,59128098490,Mariana Costa,mariana_costa.467@example.com,+5578915599222,2021-09-01 00:00:00,True
468,96472861381,Lucas Silva,lucas_silva.468@example.com,+5596949996893,2021-11-08 00:00:00,True
469,81701989375,Rúbia Souza,rúbia_souza.469@example.com,+5534998324146,2020-08-14 00:00:00,True
470,71250767274,Larissa Santos,larissa_santos.470@example.com,+5529982762428,2023-11-12 00:00:00,True
471,40406339340,Juliana Santos,juliana_santos.471@example.com,+5595928022505,2024-01-13 00:00:00,True
472,82713045533,Rafaela Fernandes,rafaela_fernandes.472@example.com,+5577955122096,2022-09-28 00:00:00,True
473,95672527211,Sophia Souza,sophia_souza.473@example.com,+5535984480924,2022-11-27 00:00:00,True
474,81922550896,Sophia Souza,sophia_souza.474@example.com,+5534950918709,2024-06-23 00:00:00,True
475,02292421788,Marcos Costa,marcos_costa.475@example.com,+5521955673051,2022-05-24 00:00:00,True
476,00795506482,Camila Oliveira,camila_oliveira.476@example.com,+5517965310817,2024-11-21 00:00:00,True
477,75166070316,Sophia Almeida,sophia_almeida.477@example.com,+5532980211827,2021-01-30 00:00:00,True
478,15163585302,Rúbia Fernandes,rúbia_fernandes.478@example.com,+5564915895057,2022-03-09 00:00:00,True
479,11936742313,Larissa Rocha,larissa_rocha.479@example.com,+5561983821651,2024-08-07 00:00:00,True
480,94072317622,Marcos Almeida,marcos_almeida.480@example.com,+5583996167549,2022-04-06 00:00:00,True
481,69121508444,Bruno Almeida,bruno_almeida.481@example.com,+5575943634661,2022-04-03 00:00:00,True
482,90762996814,Lucas Souza,lucas_souza.482@example.com,+5595925935992,2022-05-22 00:00:00,True
483,19101700847,Juliana Pereira,juliana_pereira.483@example.com,+5552948480122,2024-07-04 00:00:00,True
484,58168064761,Marcos Rocha,marcos_rocha.484@example.com,+5528932885975,2025-05-09 00:00:00,True
485,67241138780,Ana Oliveira,ana_oliveira.485@example.com,+5589974941201,2024-03-19 00:00:00,True
486,27162072859,Marcos Fernandes,marcos_fernandes.486@example.com,+5532935988010,2022-12-28 00:00:00,True
487,45051769062,João Fernandes,joão_fernandes.487@example.com,+5569962256209,2024-04-10 00:00:00,True
488,26103094532,Larissa Almeida,larissa_almeida.488@example.com,+5561932599597,2023-06-12 00:00:00,True
489,46018930166,João Santos,joão_santos.489@example.com,+5564998842765,2020-03-14 00:00:00,True
490,70845951399,Sophia Silva,sophia_silva.490@example.com,+5524970355858,2022-11-20 00:00:00,True
491,21654907302,Larissa Gomes,larissa_gomes.491@example.com,+5517944025181,2023-11-22 00:00:00,True
492,11955447596,Bruno Oliveira,bruno_oliveira.492@example.com,+5587931067672,2022-07-03 00:00:00,True
493,68284725838,Ana Pereira,ana_pereira.493@example.com,+5585950242194,2022-10-16 00:00:00,True
494,17469622539,Mariana Costa,mariana_costa.494@example.com,+5512974132262,2025-05-01 00:00:00,True
495,05416087165,Camila Santos,camila_santos.495@example.com,+5530956747150,2024-05-07 00:00:00,True
496,06814197315,Bruno Costa,bruno_costa.496@example.com,+5567960207739,2020-03-09 00:00:00,True
497,54873326729,Ana Santos,ana_santos.497@example.com,+5524960616323,2021-09-12 00:00:00,True
498,31628809360,Marcos Rocha,marcos_rocha.498@example.com,+5592924564463,2024-03-30 00:00:00,True
499,01047951392,Ana Fernandes,ana_fernandes.499@example.com,+5558969545747,2023-04-15 00:00:00,True
500,82437555642,Larissa Almeida,larissa_almeida.500@example.com,+5574921978307,2020-08-22 00:00:00,False
